Target,VulnerabilityID,PkgName,InstalledVersion,FixedVersion,Severity,Status,PrimaryURL,Description
spring-petclinic:latest (alpine 3.23.4),CVE-2026-40930,libpng,1.6.57-r0,1.6.58-r1,MEDIUM,fixed,https://avd.aquasec.com/nvd/cve-2026-40930,Chunk smuggling in push-mode APNG parser via unconsumed chunk body
Java,CVE-2023-6378,ch.qos.logback:logback-classic,1.4.8,"1.3.12, 1.4.12, 1.2.13",HIGH,fixed,https://avd.aquasec.com/nvd/cve-2023-6378,"A serialization vulnerability in logback receiver component part of 
logback version 1.4.11 allows an attacker to mount a Denial-Of-Service 
attack by sending poisoned data.

"
Java,CVE-2023-6378,ch.qos.logback:logback-core,1.4.8,"1.3.12, 1.4.12, 1.2.13",HIGH,fixed,https://avd.aquasec.com/nvd/cve-2023-6378,"A serialization vulnerability in logback receiver component part of 
logback version 1.4.11 allows an attacker to mount a Denial-Of-Service 
attack by sending poisoned data.

"
Java,CVE-2024-12798,ch.qos.logback:logback-core,1.4.8,"1.5.13, 1.3.15",MEDIUM,fixed,https://avd.aquasec.com/nvd/cve-2024-12798,"ACE vulnerability in JaninoEventEvaluator  by QOS.CH logback-core
      upto including version 0.1 to 1.3.14 and 1.4.0 to 1.5.12 in Java applications allows
      attacker to execute arbitrary code by compromising an existing
      logback configuration file or by injecting an environment variable
      before program execution.





Malicious logback configuration files can allow the attacker to execute 
arbitrary code using the JaninoEventEvaluator extension.



A successful attack requires the user to have write access to a 
configuration file. Alternatively, the attacker could inject a malicious 
environment variable pointing to a malicious configuration file. In both 
cases, the attack requires existing privilege."
Java,CVE-2025-11226,ch.qos.logback:logback-core,1.4.8,"1.5.19, 1.3.16",MEDIUM,fixed,https://avd.aquasec.com/nvd/cve-2025-11226,"ACE vulnerability in conditional configuration file processing  by QOS.CH logback-core up to and including version 1.5.18 in Java applications, allows an attacker to execute arbitrary code by compromising an existing logback configuration file or by injecting an environment variable before program execution.



A successful attack requires the presence of Janino library and Spring Framework to be present on the user's class path. In addition, the attacker must  have write access to a 
configuration file. Alternatively, the attacker could inject a malicious 
environment variable pointing to a malicious configuration file. In both 
cases, the attack requires existing privilege."
Java,CVE-2024-12801,ch.qos.logback:logback-core,1.4.8,"1.5.13, 1.3.15",LOW,fixed,https://avd.aquasec.com/nvd/cve-2024-12801,"Server-Side Request Forgery (SSRF) in SaxEventRecorder by QOS.CH logback version 0.1 to 1.3.14 and 1.4.0 to 1.5.12  on the Java platform, allows an attacker to 
forge requests by compromising logback configuration files in XML.



The attacks involves the modification of DOCTYPE declaration in  XML configuration files."
Java,CVE-2026-1225,ch.qos.logback:logback-core,1.4.8,1.5.25,LOW,fixed,https://avd.aquasec.com/nvd/cve-2026-1225,"ACE vulnerability in configuration file processing  by QOS.CH logback-core up to and including version 1.5.24 in Java applications, allows an attacker to instantiate classes already present on the class path by compromising an existing logback configuration file.




The instantiation of a potentially malicious Java class requires that said class is present on the user's class-path. In addition, the attacker must  have write access to a 
configuration file. However, after successful instantiation, the instance is very likely to be discarded with no further ado."
Java,GHSA-72hv-8253-57qq,com.fasterxml.jackson.core:jackson-core,2.15.2,"2.21.1, 2.18.6",MEDIUM,fixed,https://github.com/advisories/GHSA-72hv-8253-57qq,"### Summary
The non-blocking (async) JSON parser in `jackson-core` bypasses the `maxNumberLength` constraint (default: 1000 characters) defined in `StreamReadConstraints`. This allows an attacker to send JSON with arbitrarily long numbers through the async parser API, leading to excessive memory allocation and potential CPU exhaustion, resulting in a Denial of Service (DoS).

The standard synchronous parser correctly enforces this limit, but the async parser fails to do so, creating an inconsistent enforcement policy.

### Details
The root cause is that the async parsing path in `NonBlockingUtf8JsonParserBase` (and related classes) does not call the methods responsible for number length validation.

- The number parsing methods (e.g., `_finishNumberIntegralPart`) accumulate digits into the `TextBuffer` without any length checks.
- After parsing, they call `_valueComplete()`, which finalizes the token but does **not** call `resetInt()` or `resetFloat()`.
- The `resetInt()`/`resetFloat()` methods in `ParserBase` are where the `validateIntegerLength()` and `validateFPLength()` checks are performed.
- Because this validation step is skipped, the `maxNumberLength` constraint is never enforced in the async code path.

### PoC
The following JUnit 5 test demonstrates the vulnerability. It shows that the async parser accepts a 5,000-digit number, whereas the limit should be 1,000.

```java
package tools.jackson.core.unittest.dos;

import java.nio.charset.StandardCharsets;

import org.junit.jupiter.api.Test;

import tools.jackson.core.*;
import tools.jackson.core.exc.StreamConstraintsException;
import tools.jackson.core.json.JsonFactory;
import tools.jackson.core.json.async.NonBlockingByteArrayJsonParser;

import static org.junit.jupiter.api.Assertions.*;

/**
 * POC: Number Length Constraint Bypass in Non-Blocking (Async) JSON Parsers
 *
 * Authors: sprabhav7, rohan-repos
 * 
 * maxNumberLength default = 1000 characters (digits).
 * A number with more than 1000 digits should be rejected by any parser.
 *
 * BUG: The async parser never calls resetInt()/resetFloat() which is where
 * validateIntegerLength()/validateFPLength() lives. Instead it calls
 * _valueComplete() which skips all number length validation.
 *
 * CWE-770: Allocation of Resources Without Limits or Throttling
 */
class AsyncParserNumberLengthBypassTest {

    private static final int MAX_NUMBER_LENGTH = 1000;
    private static final int TEST_NUMBER_LENGTH = 5000;

    private final JsonFactory factory = new JsonFactory();

    // CONTROL: Sync parser correctly rejects a number exceeding maxNumberLength
    @Test
    void syncParserRejectsLongNumber() throws Exception {
        byte[] payload = buildPayloadWithLongInteger(TEST_NUMBER_LENGTH);
		
		// Output to console
        System.out.println(""[SYNC] Parsing "" + TEST_NUMBER_LENGTH + ""-digit number (limit: "" + MAX_NUMBER_LENGTH + "")"");
        try {
            try (JsonParser p = factory.createParser(ObjectReadContext.empty(), payload)) {
                while (p.nextToken() != null) {
                    if (p.currentToken() == JsonToken.VALUE_NUMBER_INT) {
                        System.out.println(""[SYNC] Accepted number with "" + p.getText().length() + "" digits — UNEXPECTED"");
                    }
                }
            }
            fail(""Sync parser must reject a "" + TEST_NUMBER_LENGTH + ""-digit number"");
        } catch (StreamConstraintsException e) {
            System.out.println(""[SYNC] Rejected with StreamConstraintsException: "" + e.getMessage());
        }
    }

    // VULNERABILITY: Async parser accepts the SAME number that sync rejects
    @Test
    void asyncParserAcceptsLongNumber() throws Exception {
        byte[] payload = buildPayloadWithLongInteger(TEST_NUMBER_LENGTH);

        NonBlockingByteArrayJsonParser p =
            (NonBlockingByteArrayJsonParser) factory.createNonBlockingByteArrayParser(ObjectReadContext.empty());
        p.feedInput(payload, 0, payload.length);
        p.endOfInput();

        boolean foundNumber = false;
        try {
            while (p.nextToken() != null) {
                if (p.currentToken() == JsonToken.VALUE_NUMBER_INT) {
                    foundNumber = true;
                    String numberText = p.getText();
                    assertEquals(TEST_NUMBER_LENGTH, numberText.length(),
                        ""Async parser silently accepted all "" + TEST_NUMBER_LENGTH + "" digits"");
                }
            }
            // Output to console
            System.out.println(""[ASYNC INT] Accepted number with "" + TEST_NUMBER_LENGTH + "" digits — BUG CONFIRMED"");
            assertTrue(foundNumber, ""Parser should have produced a VALUE_NUMBER_INT token"");
        } catch (StreamConstraintsException e) {
            fail(""Bug is fixed — async parser now correctly rejects long numbers: "" + e.getMessage());
        }
        p.close();
    }

    private byte[] buildPayloadWithLongInteger(int numDigits) {
        StringBuilder sb = new StringBuilder(numDigits + 10);
        sb.append(""{\""v\"":"");
        for (int i = 0; i < numDigits; i++) {
            sb.append((char) ('1' + (i % 9)));
        }
        sb.append('}');
        return sb.toString().getBytes(StandardCharsets.UTF_8);
    }
}

```


### Impact
A malicious actor can send a JSON document with an arbitrarily long number to an application using the async parser (e.g., in a Spring WebFlux or other reactive application). This can cause:
1.  **Memory Exhaustion:** Unbounded allocation of memory in the `TextBuffer` to store the number's digits, leading to an `OutOfMemoryError`.
2.  **CPU Exhaustion:** If the application subsequently calls `getBigIntegerValue()` or `getDecimalValue()`, the JVM can be tied up in O(n^2) `BigInteger` parsing operations, leading to a CPU-based DoS.

### Suggested Remediation

The async parsing path should be updated to respect the `maxNumberLength` constraint. The simplest fix appears to ensure that `_valueComplete()` or a similar method in the async path calls the appropriate validation methods (`resetInt()` or `resetFloat()`) already present in `ParserBase`, mirroring the behavior of the synchronous parsers.

**NOTE:** This research was performed in collaboration with [rohan-repos](https://github.com/rohan-repos)"
Java,CVE-2022-45868,com.h2database:h2,2.1.214,2.2.220,HIGH,fixed,https://avd.aquasec.com/nvd/cve-2022-45868,"The web-based admin console in H2 Database Engine before 2.2.220 can be started via the CLI with the argument -webAdminPassword, which allows the user to specify the password in cleartext for the web admin console. Consequently, a local user (or an attacker that has obtained local access through some means) would be able to discover the password by listing processes and their arguments. NOTE: the vendor states ""This is not a vulnerability of H2 Console ... Passwords should never be passed on the command line and every qualified DBA or system administrator is expected to know that."" Nonetheless, the issue was fixed in 2.2.220."
Java,CVE-2023-22102,com.mysql:mysql-connector-j,8.0.33,8.2.0,HIGH,fixed,https://avd.aquasec.com/nvd/cve-2023-22102,"Vulnerability in the MySQL Connectors product of Oracle MySQL (component: Connector/J).  Supported versions that are affected are 8.1.0 and prior. Difficult to exploit vulnerability allows unauthenticated attacker with network access via multiple protocols to compromise MySQL Connectors.  Successful attacks require human interaction from a person other than the attacker and while the vulnerability is in MySQL Connectors, attacks may significantly impact additional products (scope change). Successful attacks of this vulnerability can result in takeover of MySQL Connectors. CVSS 3.1 Base Score 8.3 (Confidentiality, Integrity and Availability impacts).  CVSS Vector: (CVSS:3.1/AV:N/AC:H/PR:N/UI:R/S:C/C:H/I:H/A:H)."
Java,CVE-2025-24813,org.apache.tomcat.embed:tomcat-embed-core,10.1.10,"11.0.3, 10.1.35, 9.0.99",CRITICAL,fixed,https://avd.aquasec.com/nvd/cve-2025-24813,"Path Equivalence: 'file.Name' (Internal Dot) leading to Remote Code Execution and/or Information disclosure and/or malicious content added to uploaded files via write enabled Default Servlet in Apache Tomcat.

This issue affects Apache Tomcat: from 11.0.0-M1 through 11.0.2, from 10.1.0-M1 through 10.1.34, from 9.0.0.M1 through 9.0.98.
The following versions were EOL at the time the CVE was created but are 
known to be affected: 8.5.0 though 8.5.100. Other, older, EOL versions 
may also be affected.


If all of the following were true, a malicious user was able to view       security sensitive files and/or inject content into those files:
- writes enabled for the default servlet (disabled by default)
- support for partial PUT (enabled by default)
- a target URL for security sensitive uploads that was a sub-directory of a target URL for public uploads
- attacker knowledge of the names of security sensitive files being uploaded
- the security sensitive files also being uploaded via partial PUT

If all of the following were true, a malicious user was able to       perform remote code execution:
- writes enabled for the default servlet (disabled by default)
- support for partial PUT (enabled by default)
- application was using Tomcat's file based session persistence with the default storage location
- application included a library that may be leveraged in a deserialization attack

Users are recommended to upgrade to version 11.0.3, 10.1.35 or 9.0.99, which fixes the issue."
Java,CVE-2026-41293,org.apache.tomcat.embed:tomcat-embed-core,10.1.10,"9.0.118, 10.1.55, 11.0.22",CRITICAL,fixed,https://avd.aquasec.com/nvd/cve-2026-41293,"Improper Input Validation vulnerability in Apache Tomcat.

This issue affects Apache Tomcat: from 11.0.0-M1 through 11.0.21, from 10.1.0-M1 through 10.1.54, from 9.0.0.M1 through 9.0.117, from 10.0.0-M1 through 10.0.27.
Older, end of support versions may also be affected.

Users are recommended to upgrade to version [FIXED_VERSION], which fixes the issue."
Java,CVE-2026-43512,org.apache.tomcat.embed:tomcat-embed-core,10.1.10,"9.0.118, 10.1.55, 11.0.22",CRITICAL,fixed,https://avd.aquasec.com/nvd/cve-2026-43512,"DEPRECATED: Authentication Bypass Issues vulnerability in digest authentication in Apache Tomcat.

This issue affects Apache Tomcat: from 11.0.0-M1 through 11.0.21, from 10.1.0-M1 through 10.1.54, from 9.0.0.M1 through 9.0.117, from 8.5.0 through 8.5.100, from before 7.0.0.
Older unsupported versions any also be affect

Users are recommended to upgrade to version 11.0.22, 10.1.55 or 9.0.118 which fix the issue."
Java,CVE-2026-43515,org.apache.tomcat.embed:tomcat-embed-core,10.1.10,"9.0.118, 10.1.55, 11.0.22",CRITICAL,fixed,https://avd.aquasec.com/nvd/cve-2026-43515,"Improper Authorization vulnerability when multiple method constraints define an HTTP method for the same extension in Apache Tomcat.

This issue affects Apache Tomcat: from 11.0.0-M1 through 11.0.21, from 10.1.0-M1 through 10.1.54, from 9.0.0.M1 through 9.0.117, from 8.5.0 through 8.5.100, from 7.0.0 through 7.0.109.

Users are recommended to upgrade to version 11.0.22, 10.1.55 or 9.0.118 which fix the issue."
Java,CVE-2023-46589,org.apache.tomcat.embed:tomcat-embed-core,10.1.10,"11.0.0-M11, 10.1.16, 9.0.83, 8.5.96",HIGH,fixed,https://avd.aquasec.com/nvd/cve-2023-46589,"Improper Input Validation vulnerability in Apache Tomcat.Tomcat from 11.0.0-M1 through 11.0.0-M10, from 10.1.0-M1 through 10.1.15, from 9.0.0-M1 through 9.0.82 and from 8.5.0 through 8.5.95 did not correctly parse HTTP trailer headers. A trailer header that exceeded the header size limit could cause Tomcat to treat a single 
request as multiple requests leading to the possibility of request 
smuggling when behind a reverse proxy.


Older, EOL versions may also be affected.


Users are recommended to upgrade to version 11.0.0-M11 onwards, 10.1.16 onwards, 9.0.83 onwards or 8.5.96 onwards, which fix the issue."
Java,CVE-2024-34750,org.apache.tomcat.embed:tomcat-embed-core,10.1.10,"11.0.0-M21, 10.1.25, 9.0.90",HIGH,fixed,https://avd.aquasec.com/nvd/cve-2024-34750,"Improper Handling of Exceptional Conditions, Uncontrolled Resource Consumption vulnerability in Apache Tomcat. When processing an HTTP/2 stream, Tomcat did not handle some cases of excessive HTTP headers correctly. This led to a miscounting of active HTTP/2 streams which in turn led to the use of an incorrect infinite timeout which allowed connections to remain open which should have been closed.

This issue affects Apache Tomcat: from 11.0.0-M1 through 11.0.0-M20, from 10.1.0-M1 through 10.1.24, from 9.0.0-M1 through 9.0.89.

The following versions were EOL at the time the CVE was created but are 
known to be affected: 8.5.0 though 8.5.100. Other EOL versions may also be affected.


Users are recommended to upgrade to version 11.0.0-M21, 10.1.25 or 9.0.90, which fixes the issue."
Java,CVE-2024-50379,org.apache.tomcat.embed:tomcat-embed-core,10.1.10,"11.0.2, 10.1.34, 9.0.98",HIGH,fixed,https://avd.aquasec.com/nvd/cve-2024-50379,"Time-of-check Time-of-use (TOCTOU) Race Condition vulnerability during JSP compilation in Apache Tomcat permits an RCE on case insensitive file systems when the default servlet is enabled for write (non-default configuration).

This issue affects Apache Tomcat: from 11.0.0-M1 through 11.0.1, from 10.1.0-M1 through 10.1.33, from 9.0.0.M1 through 9.0.97.

The following versions were EOL at the time the CVE was created but are 
known to be affected: 8.5.0 though 8.5.100. Other, older, EOL versions may also be affected.

Users are recommended to upgrade to version 11.0.2, 10.1.34 or 9.0.98, which fixes the issue."
Java,CVE-2024-56337,org.apache.tomcat.embed:tomcat-embed-core,10.1.10,"11.0.2, 10.1.34, 9.0.98",HIGH,fixed,https://avd.aquasec.com/nvd/cve-2024-56337,"Time-of-check Time-of-use (TOCTOU) Race Condition vulnerability in Apache Tomcat.

This issue affects Apache Tomcat: from 11.0.0-M1 through 11.0.1, from 10.1.0-M1 through 10.1.33, from 9.0.0.M1 through 9.0.97.
The following versions were EOL at the time the CVE was created but are 
known to be affected: 8.5.0 though 8.5.100. Other, older, EOL versions 
may also be affected.


The mitigation for CVE-2024-50379 was incomplete.

Users running Tomcat on a case insensitive file system with the default servlet write enabled (readonly initialisation 
parameter set to the non-default value of false) may need additional configuration to fully mitigate CVE-2024-50379 depending on which version of Java they are using with Tomcat:
- running on Java 8 or Java 11: the system property sun.io.useCanonCaches must be explicitly set to false (it defaults to true)
- running on Java 17: the system property sun.io.useCanonCaches, if set, must be set to false (it defaults to false)
- running on Java 21 onwards: no further configuration is required (the system property and the problematic cache have been removed)

Tomcat 11.0.3, 10.1.35 and 9.0.99 onwards will include checks that sun.io.useCanonCaches is set appropriately before allowing the default servlet to be write enabled on a case insensitive file system. Tomcat will also set sun.io.useCanonCaches to false by default where it can."
Java,CVE-2025-48988,org.apache.tomcat.embed:tomcat-embed-core,10.1.10,"11.0.8, 10.1.42, 9.0.106",HIGH,fixed,https://avd.aquasec.com/nvd/cve-2025-48988,"Allocation of Resources Without Limits or Throttling vulnerability in Apache Tomcat.

This issue affects Apache Tomcat: from 11.0.0-M1 through 11.0.7, from 10.1.0-M1 through 10.1.41, from 9.0.0.M1 through 9.0.105.
The following versions were EOL at the time the CVE was created but are 
known to be affected: 8.5.0 though 8.5.100. Other, older, EOL versions 
may also be affected.


Users are recommended to upgrade to version 11.0.8, 10.1.42 or 9.0.106, which fix the issue."
Java,CVE-2025-48989,org.apache.tomcat.embed:tomcat-embed-core,10.1.10,"11.0.10, 10.1.44, 9.0.108",HIGH,fixed,https://avd.aquasec.com/nvd/cve-2025-48989,"Improper Resource Shutdown or Release vulnerability in Apache Tomcat made Tomcat vulnerable to the made you reset attack.

This issue affects Apache Tomcat: from 11.0.0-M1 through 11.0.9, from 10.1.0-M1 through 10.1.43 and from 9.0.0.M1 through 9.0.107. Older, EOL versions may also be affected.

Users are recommended to upgrade to one of versions 11.0.10, 10.1.44 or 9.0.108 which fix the issue."
Java,CVE-2025-52520,org.apache.tomcat.embed:tomcat-embed-core,10.1.10,"11.0.9, 10.1.43, 9.0.107",HIGH,fixed,https://avd.aquasec.com/nvd/cve-2025-52520,"For some unlikely configurations of multipart upload, an Integer Overflow vulnerability in Apache Tomcat could lead to a DoS via bypassing of size limits.

This issue affects Apache Tomcat: from 11.0.0-M1 through 11.0.8, from 10.1.0-M1 through 10.1.42, from 9.0.0.M1 through 9.0.106.
The following versions were EOL at the time the CVE was created but are 
known to be affected: 8.5.0 through 8.5.100. Other, older, EOL versions 
may also be affected.


Users are recommended to upgrade to version 11.0.9, 10.1.43 or 9.0.107, which fix the issue."
Java,CVE-2025-53506,org.apache.tomcat.embed:tomcat-embed-core,10.1.10,"9.0.107, 10.1.43, 11.0.9",HIGH,fixed,https://avd.aquasec.com/nvd/cve-2025-53506,"Uncontrolled Resource Consumption vulnerability in Apache Tomcat if an HTTP/2 client did not acknowledge the initial settings frame that reduces the maximum permitted concurrent streams.

This issue affects Apache Tomcat: from 11.0.0-M1 through 11.0.8, from 10.1.0-M1 through 10.1.42, from 9.0.0.M1 through 9.0.106.
The following versions were EOL at the time the CVE was created but are 
known to be affected: 8.5.0 through 8.5.100. Other EOL versions may also be affected.


Users are recommended to upgrade to version 11.0.9, 10.1.43 or 9.0.107, which fix the issue."
Java,CVE-2025-55752,org.apache.tomcat.embed:tomcat-embed-core,10.1.10,"11.0.11, 10.1.45, 9.0.109",HIGH,fixed,https://avd.aquasec.com/nvd/cve-2025-55752,"Relative Path Traversal vulnerability in Apache Tomcat.

The fix for bug 60013 introduced a regression where the       rewritten URL was normalized before it was decoded. This introduced the       possibility that, for rewrite rules that rewrite query parameters to the       URL, an attacker could manipulate the request URI to bypass security       constraints including the protection for /WEB-INF/ and /META-INF/. If PUT requests were also enabled then malicious files could be uploaded leading to remote code execution. PUT requests are normally limited to trusted users and it is considered unlikely that PUT requests would be enabled in conjunction with a rewrite that manipulated the URI.



This issue affects Apache Tomcat: from 11.0.0-M1 through 11.0.10, from 10.1.0-M1 through 10.1.44, from 9.0.0.M11 through 9.0.108.

The following versions were EOL at the time the CVE was created but are 
known to be affected: 8.5.6 though 8.5.100. Other, older, EOL versions may also be affected.
Users are recommended to upgrade to version 11.0.11 or later, 10.1.45 or later or 9.0.109 or later, which fix the issue."
Java,CVE-2026-24734,org.apache.tomcat.embed:tomcat-embed-core,10.1.10,"11.0.18, 10.1.52, 9.0.115",HIGH,fixed,https://avd.aquasec.com/nvd/cve-2026-24734,"Improper Input Validation vulnerability in Apache Tomcat Native, Apache Tomcat.

When using an OCSP responder, Tomcat Native (and Tomcat's FFM port of the Tomcat Native code) did not complete verification or freshness checks on the OCSP response which could allow certificate revocation to be bypassed.

This issue affects Apache Tomcat Native:  from 1.3.0 through 1.3.4, from 2.0.0 through 2.0.11; Apache Tomcat: from 11.0.0-M1 through 11.0.17, from 10.1.0-M7 through 10.1.51, from 9.0.83 through 9.0.114.


The following versions were EOL at the time the CVE was created but are 
known to be affected: from 1.1.23 through 1.1.34, from 1.2.0 through 1.2.39. Older EOL versions are not affected.

Apache Tomcat Native users are recommended to upgrade to versions 1.3.5 or later or 2.0.12 or later, which fix the issue.

Apache Tomcat users are recommended to upgrade to versions 11.0.18 or later, 10.1.52 or later or 9.0.115 or later which fix the issue."
Java,CVE-2026-24880,org.apache.tomcat.embed:tomcat-embed-core,10.1.10,"9.0.116, 10.1.52, 11.0.20",HIGH,fixed,https://avd.aquasec.com/nvd/cve-2026-24880,"Inconsistent Interpretation of HTTP Requests ('HTTP Request/Response Smuggling') vulnerability in Apache Tomcat via invalid chunk extension.

This issue affects Apache Tomcat: from 11.0.0-M1 through 11.0.18, from 10.1.0-M1 through 10.1.52, from 9.0.0.M1 through 9.0.115, from 8.5.0 through 8.5.100, from 7.0.0 through 7.0.109.
Other, unsupported versions may also be affected.

Users are recommended to upgrade to version 11.0.20, 10.1.52 or 9.0.116, which fix the issue."
Java,CVE-2026-34483,org.apache.tomcat.embed:tomcat-embed-core,10.1.10,"9.0.116, 10.1.54, 11.0.21",HIGH,fixed,https://avd.aquasec.com/nvd/cve-2026-34483,"Improper Encoding or Escaping of Output vulnerability in the JsonAccessLogValve component of Apache Tomcat.

This issue affects Apache Tomcat: from 11.0.0-M1 through 11.0.20, from 10.1.0-M1 through 10.1.53, from 9.0.40 through 9.0.116.

Users are recommended to upgrade to version 11.0.21, 10.1.54 or 9.0.117 , which fix the issue."
Java,CVE-2026-34487,org.apache.tomcat.embed:tomcat-embed-core,10.1.10,"9.0.117, 10.1.54, 11.0.21",HIGH,fixed,https://avd.aquasec.com/nvd/cve-2026-34487,"Insertion of Sensitive Information into Log File vulnerability in the cloud membership for clustering component of Apache Tomcat exposed the Kubernetes bearer token.

This issue affects Apache Tomcat: from 11.0.0-M1 through 11.0.20, from 10.1.0-M1 through 10.1.53, from 9.0.13 through 9.0.116.

Users are recommended to upgrade to version 11.0.21, 10.1.54 or 9.0.117, which fix the issue."
Java,CVE-2026-41284,org.apache.tomcat.embed:tomcat-embed-core,10.1.10,"9.0.118, 10.1.55, 11.0.22",HIGH,fixed,https://avd.aquasec.com/nvd/cve-2026-41284,"Allocation of Resources Without Limits or Throttling vulnerability in Apache Tomcat.

This issue affects Apache Tomcat: from 11.0.0-M1 through 11.0.21, from 10.1.0-M1 through 10.1.54, from 9.0.0.M1 through 9.0.117.
Older, unsupported versions may also be affected.

Users are recommended to upgrade to version [FIXED_VERSION], which fixes the issue."
Java,CVE-2026-42498,org.apache.tomcat.embed:tomcat-embed-core,10.1.10,"9.0.118, 10.1.55, 11.0.22",HIGH,fixed,https://avd.aquasec.com/nvd/cve-2026-42498,"Exposure of HTTP Authentication Header to unexpected hosts during WebSocket authentication vulnerability in Apache Tomcat.

This issue affects Apache Tomcat: from 11.0.0-M1 through 11.0.21, from 10.1.0-M1 through 10.1.54, from 9.0.2 through 9.0.117, from 8.5.24 through 8.5.100, from 7.0.83 through 7.0.109.

Users are recommended to upgrade to version 11.0.22, 10.1.55 or 9.0.118, which fix the issue."
Java,CVE-2026-43513,org.apache.tomcat.embed:tomcat-embed-core,10.1.10,"9.0.118, 10.1.55, 11.0.22",HIGH,fixed,https://avd.aquasec.com/nvd/cve-2026-43513,"Improper Handling of Case Sensitivity vulnerability in LockOutRealm in Apache Tomcat.

This issue affects Apache Tomcat: from 11.0.0-M1 through 11.0.21, from 10.1.0-M1 through 10.1.54, from 9.0.0.M1 through 9.0.117, from 8.5.0 through 8.5.100, from 7.0.0 through 7.0.109.
Older unsupported versions may also be affected.

Users are recommended to upgrade to version 11.0.22, 10.1.55 or 9.0.118 which fix the issue."
Java,CVE-2023-41080,org.apache.tomcat.embed:tomcat-embed-core,10.1.10,"8.5.93, 9.0.80, 10.1.13, 11.0.0-M11",MEDIUM,fixed,https://avd.aquasec.com/nvd/cve-2023-41080,"URL Redirection to Untrusted Site ('Open Redirect') vulnerability in FORM authentication feature Apache Tomcat.This issue affects Apache Tomcat: from 11.0.0-M1 through 11.0.0-M10, from 10.1.0-M1 through 10.0.12, from 9.0.0-M1 through 9.0.79 and from 8.5.0 through 8.5.92.
Older, EOL versions may also be affected.


The vulnerability is limited to the ROOT (default) web application."
Java,CVE-2023-42795,org.apache.tomcat.embed:tomcat-embed-core,10.1.10,"11.0.0-M12, 10.1.14, 9.0.81, 8.5.94",MEDIUM,fixed,https://avd.aquasec.com/nvd/cve-2023-42795,"Incomplete Cleanup vulnerability in Apache Tomcat.When recycling various internal objects in Apache Tomcat from 11.0.0-M1 through 11.0.0-M11, from 10.1.0-M1 through 10.1.13, from 9.0.0-M1 through 9.0.80 and from 8.5.0 through 8.5.93, an error could 
cause Tomcat to skip some parts of the recycling process leading to 
information leaking from the current request/response to the next.
Older, EOL versions may also be affected.


Users are recommended to upgrade to version 11.0.0-M12 onwards, 10.1.14 onwards, 9.0.81 onwards or 8.5.94 onwards, which fixes the issue."
Java,CVE-2023-44487,org.apache.tomcat.embed:tomcat-embed-core,10.1.10,"11.0.0-M12, 10.1.14, 9.0.81, 8.5.94",MEDIUM,fixed,https://avd.aquasec.com/nvd/cve-2023-44487,"The HTTP/2 protocol allows a denial of service (server resource consumption) because request cancellation can reset many streams quickly, as exploited in the wild in August through October 2023."
Java,CVE-2023-45648,org.apache.tomcat.embed:tomcat-embed-core,10.1.10,"11.0.0-M12, 10.1.14, 9.0.81, 8.5.94",MEDIUM,fixed,https://avd.aquasec.com/nvd/cve-2023-45648,"Improper Input Validation vulnerability in Apache Tomcat.Tomcat from 11.0.0-M1 through 11.0.0-M11, from 10.1.0-M1 through 10.1.13, from 9.0.0-M1 through 9.0.81 and from 8.5.0 through 8.5.93 did not correctly parse HTTP trailer headers. A specially 
crafted, invalid trailer header could cause Tomcat to treat a single 
request as multiple requests leading to the possibility of request 
smuggling when behind a reverse proxy.

Older, EOL versions may also be affected.


Users are recommended to upgrade to version 11.0.0-M12 onwards, 10.1.14 onwards, 9.0.81 onwards or 8.5.94 onwards, which fix the issue."
Java,CVE-2024-24549,org.apache.tomcat.embed:tomcat-embed-core,10.1.10,"8.5.99, 9.0.86, 10.1.19, 11.0.0-M17",MEDIUM,fixed,https://avd.aquasec.com/nvd/cve-2024-24549,"Denial of Service due to improper input validation vulnerability for HTTP/2 requests in Apache Tomcat. When processing an HTTP/2 request, if the request exceeded any of the configured limits for headers, the associated HTTP/2 stream was not reset until after all of the headers had been processed.This issue affects Apache Tomcat: from 11.0.0-M1 through 11.0.0-M16, from 10.1.0-M1 through 10.1.18, from 9.0.0-M1 through 9.0.85, from 8.5.0 through 8.5.98. Other, older, EOL versions may also be affected.

Users are recommended to upgrade to version 11.0.0-M17, 10.1.19, 9.0.86 or 8.5.99 which fix the issue."
Java,CVE-2025-31650,org.apache.tomcat.embed:tomcat-embed-core,10.1.10,"9.0.104, 10.1.40, 11.0.6",MEDIUM,fixed,https://avd.aquasec.com/nvd/cve-2025-31650,"Improper Input Validation vulnerability in Apache Tomcat. Incorrect error handling for some invalid HTTP priority headers resulted in incomplete clean-up of the failed request which created a memory leak. A large number of such requests could trigger an OutOfMemoryException resulting in a denial of service.

This issue affects Apache Tomcat: from 9.0.76 through 9.0.102, from 10.1.10 through 10.1.39, from 11.0.0-M2 through 11.0.5.
The following versions were EOL at the time the CVE was created but are 
known to be affected: 8.5.90 though 8.5.100.


Users are recommended to upgrade to version 9.0.104, 10.1.40 or 11.0.6 which fix the issue."
Java,CVE-2025-49124,org.apache.tomcat.embed:tomcat-embed-core,10.1.10,"11.0.8, 10.1.42, 9.0.106",MEDIUM,fixed,https://avd.aquasec.com/nvd/cve-2025-49124,"Untrusted Search Path vulnerability in Apache Tomcat installer for Windows. During installation, the Tomcat installer for Windows used icacls.exe without specifying a full path.

This issue affects Apache Tomcat: from 11.0.0-M1 through 11.0.7, from 10.1.0 through 10.1.41, from 9.0.23 through 9.0.105.
The following versions were EOL at the time the CVE was created but are 
known to be affected: 8.5.0 through 8.5.100 and 7.0.95 through 7.0.109. Other EOL versions may also be affected.


Users are recommended to upgrade to version 11.0.8, 10.1.42 or 9.0.106, which fix the issue."
Java,CVE-2025-49125,org.apache.tomcat.embed:tomcat-embed-core,10.1.10,"11.0.8, 10.1.42, 9.0.106",MEDIUM,fixed,https://avd.aquasec.com/nvd/cve-2025-49125,"Authentication Bypass Using an Alternate Path or Channel vulnerability in Apache Tomcat.  When using PreResources or PostResources mounted other than at the root of the web application, it was possible to access those resources via an unexpected path. That path was likely not to be protected by the same security constraints as the expected path, allowing those security constraints to be bypassed.

This issue affects Apache Tomcat: from 11.0.0-M1 through 11.0.7, from 10.1.0-M1 through 10.1.41, from 9.0.0.M1 through 9.0.105.
The following versions were EOL at the time the CVE was created but are 
known to be affected: 8.5.0 through 8.5.100. Other, older, EOL versions 
may also be affected.


Users are recommended to upgrade to version 11.0.8, 10.1.42 or 9.0.106, which fix the issue."
Java,CVE-2025-66614,org.apache.tomcat.embed:tomcat-embed-core,10.1.10,"11.0.15, 10.1.50, 9.0.113",MEDIUM,fixed,https://avd.aquasec.com/nvd/cve-2025-66614,"Improper Input Validation vulnerability.

This issue affects Apache Tomcat: from 11.0.0-M1 through 11.0.14, from 10.1.0-M1 through 10.1.49, from 9.0.0-M1 through 9.0.112.

The following versions were EOL at the time the CVE was created but are 
known to be affected: 8.5.0 through 8.5.100. Older EOL versions are not affected.
Tomcat did not validate that the host name provided via the SNI 
extension was the same as the host name provided in the HTTP host header 
field. If Tomcat was configured with more than one virtual host and the 
TLS configuration for one of those hosts did not require client 
certificate authentication but another one did, it was possible for a 
client to bypass the client certificate authentication by sending 
different host names in the SNI extension and the HTTP host header field.



The vulnerability only applies if client certificate authentication is 
only enforced at the Connector. It does not apply if client certificate 
authentication is enforced at the web application.


Users are recommended to upgrade to version 11.0.15 or later, 10.1.50 or later or 9.0.113 or later, which fix the issue."
Java,CVE-2026-25854,org.apache.tomcat.embed:tomcat-embed-core,10.1.10,"9.0.116, 10.1.53, 11.0.20",MEDIUM,fixed,https://avd.aquasec.com/nvd/cve-2026-25854,"Occasional URL redirection to untrusted Site ('Open Redirect') vulnerability in Apache Tomcat via the LoadBalancerDrainingValve.

This issue affects Apache Tomcat: from 11.0.0-M1 through 11.0.18, from 10.1.0-M1 through 10.1.52, from 9.0.0.M23 through 9.0.115, from 8.5.30 through 8.5.100.
Other, unsupported versions may also be affected

Users are recommended to upgrade to version 11.0.20, 10.1.53 or 9.0.116, which fix the issue."
Java,CVE-2025-31651,org.apache.tomcat.embed:tomcat-embed-core,10.1.10,"9.0.104, 10.1.40, 11.0.6",LOW,fixed,https://avd.aquasec.com/nvd/cve-2025-31651,"Improper Neutralization of Escape, Meta, or Control Sequences vulnerability in Apache Tomcat. For a subset of unlikely rewrite rule configurations, it was possible 
for a specially crafted request to bypass some rewrite rules. If those 
rewrite rules effectively enforced security constraints, those 
constraints could be bypassed.

This issue affects Apache Tomcat: from 11.0.0-M1 through 11.0.5, from 10.1.0-M1 through 10.1.39, from 9.0.0.M1 through 9.0.102.
The following versions were EOL at the time the CVE was created but are 
known to be affected: 8.5.0 though 8.5.100. Other, older, EOL versions 
may also be affected.


Users are recommended to upgrade to version [FIXED_VERSION], which fixes the issue."
Java,CVE-2025-46701,org.apache.tomcat.embed:tomcat-embed-core,10.1.10,"9.0.105, 10.1.41, 11.0.7",LOW,fixed,https://avd.aquasec.com/nvd/cve-2025-46701,"Improper Handling of Case Sensitivity vulnerability in Apache Tomcat's GCI servlet allows security constraint bypass of security constraints that apply to the pathInfo component of a URI mapped to the CGI servlet.

This issue affects Apache Tomcat: from 11.0.0-M1 through 11.0.6, from 10.1.0-M1 through 10.1.40, from 9.0.0.M1 through 9.0.104.
The following versions were EOL at the time the CVE was created but are 
known to be affected: 8.5.0 though 8.5.100. Other, older, EOL versions 
may also be affected.


Users are recommended to upgrade to version 11.0.7, 10.1.41 or 9.0.105, which fixes the issue."
Java,CVE-2025-55754,org.apache.tomcat.embed:tomcat-embed-core,10.1.10,"11.0.11, 10.1.45, 9.0.109",LOW,fixed,https://avd.aquasec.com/nvd/cve-2025-55754,"Improper Neutralization of Escape, Meta, or Control Sequences vulnerability in Apache Tomcat.

Tomcat did not escape ANSI escape sequences in log messages. If Tomcat was running in a console on a Windows operating system, and the console supported ANSI escape sequences, it was possible for an attacker to use a specially crafted URL to inject ANSI escape sequences to manipulate the console and the clipboard and attempt to trick an administrator into running an attacker controlled command. While no attack vector was found, it may have been possible to mount this attack on other operating systems.



This issue affects Apache Tomcat: from 11.0.0-M1 through 11.0.10, from 10.1.0-M1 through 10.1.44, from 9.0.40 through 9.0.108.

The following versions were EOL at the time the CVE was created but are 
known to be affected: 8.5.60 though 8.5.100. Other, older, EOL versions may also be affected.
Users are recommended to upgrade to version 11.0.11 or later, 10.1.45 or later or 9.0.109 or later, which fix the issue."
Java,CVE-2025-61795,org.apache.tomcat.embed:tomcat-embed-core,10.1.10,"11.0.12, 10.1.47, 9.0.110",LOW,fixed,https://avd.aquasec.com/nvd/cve-2025-61795,"Improper Resource Shutdown or Release vulnerability in Apache Tomcat.

If an error occurred (including exceeding limits) during the processing of a multipart upload, temporary copies of the uploaded parts written to disc were not cleaned up immediately but left for the garbage collection process to delete. Depending on JVM settings, application memory usage and application load, it was possible that space for the temporary copies of uploaded parts would be filled faster than GC cleared it, leading to a DoS.



This issue affects Apache Tomcat: from 11.0.0-M1 through 11.0.11, from 10.1.0-M1 through 10.1.46, from 9.0.0.M1 through 9.0.109.

The following versions were EOL at the time the CVE was created but are 
known to be affected: 8.5.0 though 8.5.100. Other, older, EOL versions may also be affected.
Users are recommended to upgrade to version 11.0.12 or later, 10.1.47 or later or 9.0.110 or later which fixes the issue."
Java,CVE-2026-24733,org.apache.tomcat.embed:tomcat-embed-core,10.1.10,"11.0.15, 10.1.50, 9.0.113",LOW,fixed,https://avd.aquasec.com/nvd/cve-2026-24733,"Improper Input Validation vulnerability in Apache Tomcat.


Tomcat did not limit HTTP/0.9 requests to the GET method. If a security 
constraint was configured to allow HEAD requests to a URI but deny GET 
requests, the user could bypass that constraint on GET requests by 
sending a (specification invalid) HEAD request using HTTP/0.9.


This issue affects Apache Tomcat: from 11.0.0-M1 through 11.0.14, from 10.1.0-M1 through 10.1.49, from 9.0.0.M1 through 9.0.112.


Older, EOL versions are also affected.

Users are recommended to upgrade to version 11.0.15 or later, 10.1.50 or later or 9.0.113 or later, which fixes the issue."
Java,CVE-2026-43514,org.apache.tomcat.embed:tomcat-embed-core,10.1.10,"9.0.118, 10.1.55, 11.0.22",LOW,fixed,https://avd.aquasec.com/nvd/cve-2026-43514,"Observable Timing Discrepancy vulnerability when comparing AJP secret in Apache Tomcat.

This issue affects Apache Tomcat: from 11.0.0-M1 through 11.0.21, from 10.1.0-M1 through 10.1.54, from 9.0.0.M1 through 9.0.117, from 8.5.0 through 8.5.100, from 7.0.0 through 7.0.109.
Older unsupported versions may also be affected.

Users are recommended to upgrade to version 11.0.22, 10.1.55 or 9.0.118 which fix the issue."
Java,CVE-2024-23672,org.apache.tomcat.embed:tomcat-embed-websocket,10.1.10,"11.0.0-M17, 10.1.19, 9.0.86, 8.5.99",MEDIUM,fixed,https://avd.aquasec.com/nvd/cve-2024-23672,"Denial of Service via incomplete cleanup vulnerability in Apache Tomcat. It was possible for WebSocket clients to keep WebSocket connections open leading to increased resource consumption.This issue affects Apache Tomcat: from 11.0.0-M1 through 11.0.0-M16, from 10.1.0-M1 through 10.1.18, from 9.0.0-M1 through 9.0.85, from 8.5.0 through 8.5.98.

Older, EOL versions may also be affected.


Users are recommended to upgrade to version 11.0.0-M17, 10.1.19, 9.0.86 or 8.5.99 which fix the issue."
Java,CVE-2024-1597,org.postgresql:postgresql,42.6.0,"42.2.28, 42.3.9, 42.4.4, 42.5.5, 42.6.1, 42.7.2",CRITICAL,fixed,https://avd.aquasec.com/nvd/cve-2024-1597,"pgjdbc, the PostgreSQL JDBC Driver, allows attacker to inject SQL if using PreferQueryMode=SIMPLE. Note this is not the default. In the default mode there is no vulnerability. A placeholder for a numeric value must be immediately preceded by a minus. There must be a second placeholder for a string value after the first placeholder; both must be on the same line. By constructing a matching string payload, the attacker can inject SQL to alter the query,bypassing the protections that parameterized queries bring against SQL Injection attacks. Versions before 42.7.2, 42.6.1, 42.5.5, 42.4.4, 42.3.9, and 42.2.28 are affected."
Java,CVE-2026-42198,org.postgresql:postgresql,42.6.0,42.7.11,HIGH,fixed,https://avd.aquasec.com/nvd/cve-2026-42198,"pgjdbc is an open source postgresql JDBC Driver. From version 42.2.0 to before version 42.7.11, pgjdbc is vulnerable to a client-side denial of service during SCRAM-SHA-256 authentication. A malicious server can instruct the driver to perform SCRAM authentication with a very large iteration count. With a large enough value, the client spends an unbounded amount of CPU time inside PBKDF2 before authentication can fail. A single attempt ties up a CPU core. Repeated or concurrent attempts exhaust client CPU and can wedge connection pools. In affected versions, loginTimeout did not fully mitigate this problem. When loginTimeout expired, the caller could stop waiting, but the worker thread performing the connection attempt could continue running and burning CPU inside the SCRAM PBKDF2 computation. This issue has been patched in version 42.7.11."
Java,CVE-2025-22235,org.springframework.boot:spring-boot,3.1.1,"3.3.11, 3.4.5",HIGH,fixed,https://avd.aquasec.com/nvd/cve-2025-22235,"EndpointRequest.to() creates a matcher for null/** if the actuator endpoint, for which the EndpointRequest has been created, is disabled or not exposed.

Your application may be affected by this if all the following conditions are met:

  *  You use Spring Security
  *  EndpointRequest.to() has been used in a Spring Security chain configuration
  *  The endpoint which EndpointRequest references is disabled or not exposed via web
  *  Your application handles requests to /null and this path needs protection


You are not affected if any of the following is true:

  *  You don't use Spring Security
  *  You don't use EndpointRequest.to()
  *  The endpoint which EndpointRequest.to() refers to is enabled and is exposed
  *  Your application does not handle requests to /null or this path does not need protection"
Java,CVE-2023-34055,org.springframework.boot:spring-boot-actuator,3.1.1,"2.7.18, 3.0.13, 3.1.6",MEDIUM,fixed,https://avd.aquasec.com/nvd/cve-2023-34055,"In Spring Boot versions 2.7.0 - 2.7.17, 3.0.0-3.0.12 and 3.1.0-3.1.5, it is possible for a user to provide specially crafted HTTP requests that may cause a denial-of-service (DoS) condition.

Specifically, an application is vulnerable when all of the following are true:

  *  the application uses Spring MVC or Spring WebFlux
  *  org.springframework.boot:spring-boot-actuator is on the classpath"
Java,CVE-2024-38820,org.springframework:spring-context,6.0.10,6.1.14,MEDIUM,fixed,https://avd.aquasec.com/nvd/cve-2024-38820,"The fix for CVE-2022-22968 made disallowedFields patterns in DataBinder case insensitive. However, String.toLowerCase() has some Locale dependent exceptions that could potentially result in fields not protected as expected."
Java,CVE-2025-22233,org.springframework:spring-context,6.0.10,"6.2.7, 6.1.20",LOW,fixed,https://avd.aquasec.com/nvd/cve-2025-22233,"CVE-2024-38820 ensured Locale-independent, lowercase conversion for both the configured disallowedFields patterns and for request parameter names. However, there are still cases where it is possible to bypass the disallowedFields checks.

Affected Spring Products and Versions

Spring Framework:
  *  6.2.0 - 6.2.6

  *  6.1.0 - 6.1.19

  *  6.0.0 - 6.0.27

  *  5.3.0 - 5.3.42
  *  Older, unsupported versions are also affected



Mitigation

Users of affected versions should upgrade to the corresponding fixed version.

Affected version(s)Fix Version Availability 6.2.x
 6.2.7
OSS6.1.x
 6.1.20
OSS6.0.x
 6.0.28
 Commercial https://enterprise.spring.io/ 5.3.x
 5.3.43
 Commercial https://enterprise.spring.io/ 
No further mitigation steps are necessary.


Generally, we recommend using a dedicated model object with properties only for data binding, or using constructor binding since constructor arguments explicitly declare what to bind together with turning off setter binding through the declarativeBinding flag. See the Model Design section in the reference documentation.

For setting binding, prefer the use of allowedFields (an explicit list) over disallowedFields.

Credit

This issue was responsibly reported by the TERASOLUNA Framework Development Team from NTT DATA Group Corporation."
Java,CVE-2025-41249,org.springframework:spring-core,6.0.10,6.2.11,HIGH,fixed,https://avd.aquasec.com/nvd/cve-2025-41249,"The Spring Framework annotation detection mechanism may not correctly resolve annotations on methods within type hierarchies with a parameterized super type with unbounded generics. This can be an issue if such annotations are used for authorization decisions.

Your application may be affected by this if you are using Spring Security's @EnableMethodSecurity feature.

You are not affected by this if you are not using @EnableMethodSecurity or if you do not use security annotations on methods in generic superclasses or generic interfaces.

This CVE is published in conjunction with  CVE-2025-41248 https://spring.io/security/cve-2025-41248 ."
Java,CVE-2024-22243,org.springframework:spring-web,6.0.10,"6.1.4, 6.0.17, 5.3.32",HIGH,fixed,https://avd.aquasec.com/nvd/cve-2024-22243,Applications that use UriComponentsBuilder to parse an externally provided URL (e.g. through a query parameter) AND perform validation checks on the host of the parsed URL may be vulnerable to a  open redirect https://cwe.mitre.org/data/definitions/601.html  attack or to a SSRF attack if the URL is used after passing validation checks.
Java,CVE-2024-22259,org.springframework:spring-web,6.0.10,"6.1.5, 6.0.18, 5.3.33",HIGH,fixed,https://avd.aquasec.com/nvd/cve-2024-22259,"Applications that use UriComponentsBuilder in Spring Framework to parse an externally provided URL (e.g. through a query parameter) AND perform validation checks on the host of the parsed URL may be vulnerable to a  open redirect https://cwe.mitre.org/data/definitions/601.html  attack or to a SSRF attack if the URL is used after passing validation checks.

This is the same as  CVE-2024-22243 https://spring.io/security/cve-2024-22243 , but with different input."
Java,CVE-2024-22262,org.springframework:spring-web,6.0.10,"5.3.34, 6.0.19, 6.1.6",HIGH,fixed,https://avd.aquasec.com/nvd/cve-2024-22262,"Applications that use UriComponentsBuilder to parse an externally provided URL (e.g. through a query parameter) AND perform validation checks on the host of the parsed URL may be vulnerable to a  open redirect https://cwe.mitre.org/data/definitions/601.html  attack or to a SSRF attack if the URL is used after passing validation checks.

This is the same as  CVE-2024-22259 https://spring.io/security/cve-2024-22259  and  CVE-2024-22243 https://spring.io/security/cve-2024-22243 , but with different input."
Java,CVE-2024-38809,org.springframework:spring-web,6.0.10,"5.3.38, 6.0.23, 6.1.12",MEDIUM,fixed,https://avd.aquasec.com/nvd/cve-2024-38809,"Applications that parse ETags from ""If-Match"" or ""If-None-Match"" request headers are vulnerable to DoS attack.

Users of affected versions should upgrade to the corresponding fixed version.

Users of older, unsupported versions could enforce a size limit on ""If-Match"" and ""If-None-Match"" headers, e.g. through a Filter."
Java,CVE-2024-38820,org.springframework:spring-web,6.0.10,6.1.14,MEDIUM,fixed,https://avd.aquasec.com/nvd/cve-2024-38820,"The fix for CVE-2022-22968 made disallowedFields patterns in DataBinder case insensitive. However, String.toLowerCase() has some Locale dependent exceptions that could potentially result in fields not protected as expected."
Java,CVE-2025-41234,org.springframework:spring-web,6.0.10,"6.2.8, 6.1.21",MEDIUM,fixed,https://avd.aquasec.com/nvd/cve-2025-41234,"Description

In Spring Framework, versions 6.0.x as of 6.0.5, versions 6.1.x and 6.2.x, an application is vulnerable to a reflected file download (RFD) attack when it sets a “Content-Disposition” header with a non-ASCII charset, where the filename attribute is derived from user-supplied input.

Specifically, an application is vulnerable when all the following are true:

  *  The header is prepared with org.springframework.http.ContentDisposition.
  *  The filename is set via ContentDisposition.Builder#filename(String, Charset).
  *  The value for the filename is derived from user-supplied input.
  *  The application does not sanitize the user-supplied input.
  *  The downloaded content of the response is injected with malicious commands by the attacker (see RFD paper reference for details).


An application is not vulnerable if any of the following is true:

  *  The application does not set a “Content-Disposition” response header.
  *  The header is not prepared with org.springframework.http.ContentDisposition.
  *  The filename is set via one of:  *  ContentDisposition.Builder#filename(String), or
  *  ContentDisposition.Builder#filename(String, ASCII)



  *  The filename is not derived from user-supplied input.
  *  The filename is derived from user-supplied input but sanitized by the application.
  *  The attacker cannot inject malicious content in the downloaded content of the response.


Affected Spring Products and VersionsSpring Framework:

  *  6.2.0 - 6.2.7
  *  6.1.0 - 6.1.20
  *  6.0.5 - 6.0.28
  *  Older, unsupported versions are not affected


MitigationUsers of affected versions should upgrade to the corresponding fixed version.

Affected version(s)Fix versionAvailability6.2.x6.2.8OSS6.1.x6.1.21OSS6.0.x6.0.29 Commercial https://enterprise.spring.io/ No further mitigation steps are necessary.


CWE-113 in `Content-Disposition` handling in VMware Spring Framework versions 6.0.5 to 6.2.7 allows remote attackers to launch Reflected File Download (RFD) attacks via unsanitized user input in `ContentDisposition.Builder#filename(String, Charset)` with non-ASCII charsets."
Java,CVE-2023-34053,org.springframework:spring-webmvc,6.0.10,6.0.14,HIGH,fixed,https://avd.aquasec.com/nvd/cve-2023-34053,"In Spring Framework versions 6.0.0 - 6.0.13, it is possible for a user to provide specially crafted HTTP requests that may cause a denial-of-service (DoS) condition.

Specifically, an application is vulnerable when all of the following are true:

  *  the application uses Spring MVC or Spring WebFlux
  *  io.micrometer:micrometer-core is on the classpath
  *  an ObservationRegistry is configured in the application to record observations


Typically, Spring Boot applications need the org.springframework.boot:spring-boot-actuator dependency to meet all conditions."
Java,CVE-2024-38816,org.springframework:spring-webmvc,6.0.10,6.1.13,HIGH,fixed,https://avd.aquasec.com/nvd/cve-2024-38816,"Applications serving static resources through the functional web frameworks WebMvc.fn or WebFlux.fn are vulnerable to path traversal attacks. An attacker can craft malicious HTTP requests and obtain any file on the file system that is also accessible to the process in which the Spring application is running.

Specifically, an application is vulnerable when both of the following are true:

  *  the web application uses RouterFunctions to serve static resources
  *  resource handling is explicitly configured with a FileSystemResource location


However, malicious requests are blocked and rejected when any of the following is true:

  *  the  Spring Security HTTP Firewall https://docs.spring.io/spring-security/reference/servlet/exploits/firewall.html  is in use
  *  the application runs on Tomcat or Jetty"
Java,CVE-2024-38819,org.springframework:spring-webmvc,6.0.10,6.1.14,HIGH,fixed,https://avd.aquasec.com/nvd/cve-2024-38819,Applications serving static resources through the functional web frameworks WebMvc.fn or WebFlux.fn are vulnerable to path traversal attacks. An attacker can craft malicious HTTP requests and obtain any file on the file system that is also accessible to the process in which the Spring application is running.
Java,CVE-2025-41242,org.springframework:spring-webmvc,6.0.10,6.2.10,MEDIUM,fixed,https://avd.aquasec.com/nvd/cve-2025-41242,"Spring Framework MVC applications can be vulnerable to a “Path Traversal Vulnerability” when deployed on a non-compliant Servlet container.

An application can be vulnerable when all the following are true:

  *  the application is deployed as a WAR or with an embedded Servlet container
  *  the Servlet container  does not reject suspicious sequences https://jakarta.ee/specifications/servlet/6.1/jakarta-servlet-spec-6.1.html#uri-path-canonicalization 
  *  the application  serves static resources https://docs.spring.io/spring-framework/reference/web/webmvc/mvc-config/static-resources.html#page-title  with Spring resource handling


We have verified that applications deployed on Apache Tomcat or Eclipse Jetty are not vulnerable, as long as default security features are not disabled in the configuration. Because we cannot check exploits against all Servlet containers and configuration variants, we strongly recommend upgrading your application."
Java,CVE-2026-22737,org.springframework:spring-webmvc,6.0.10,"7.0.6, 6.2.17",MEDIUM,fixed,https://avd.aquasec.com/nvd/cve-2026-22737,"Use of Java scripting engine enabled (e.g. JRuby, Jython) template views in Spring MVC and Spring WebFlux applications can result in disclosure of content from files outside the configured locations for script template views. This issue affects Spring Framework: from 7.0.0 through 7.0.5, from 6.2.0 through 6.2.16, from 6.1.0 through 6.1.25, from 5.3.0 through 5.3.46."
Java,CVE-2026-22735,org.springframework:spring-webmvc,6.0.10,"7.0.6, 6.2.17",LOW,fixed,https://avd.aquasec.com/nvd/cve-2026-22735,"Spring MVC and WebFlux applications are vulnerable to stream corruption when using Server-Sent Events (SSE). This issue affects Spring Foundation: from 7.0.0 through 7.0.5, from 6.2.0 through 6.2.16, from 6.1.0 through 6.1.25, from 5.3.0 through 5.3.46."
Java,CVE-2026-40477,org.thymeleaf:thymeleaf,3.1.1.RELEASE,3.1.4.RELEASE,CRITICAL,fixed,https://avd.aquasec.com/nvd/cve-2026-40477,"Thymeleaf is a server-side Java template engine for web and standalone environments. Versions 3.1.3.RELEASE and prior contain a security bypass vulnerability in the expression execution mechanisms. Although the library provides mechanisms to prevent expression injection, it fails to properly restrict the scope of accessible objects, allowing specific potentially sensitive objects to be reached from within a template. If an application developer passes unvalidated user input directly to the template engine, an unauthenticated remote attacker can bypass the library's protections to achieve Server-Side Template Injection (SSTI). This issue has ben fixed in version 3.1.4.RELEASE."
Java,CVE-2026-40478,org.thymeleaf:thymeleaf,3.1.1.RELEASE,3.1.4.RELEASE,CRITICAL,fixed,https://avd.aquasec.com/nvd/cve-2026-40478,"Thymeleaf is a server-side Java template engine for web and standalone environments. Versions 3.1.3.RELEASE and prior contain a security bypass vulnerability in the the expression execution mechanisms. Although the library provides mechanisms to prevent expression injection, it fails to properly neutralize specific syntax patterns that allow for the execution of unauthorized expressions. If an application developer passes unvalidated user input directly to the template engine, an unauthenticated remote attacker can bypass the library's protections to achieve Server-Side Template Injection (SSTI). This issue has ben fixed in version 3.1.4.RELEASE."
Java,CVE-2026-41901,org.thymeleaf:thymeleaf,3.1.1.RELEASE,3.1.5.RELEASE,CRITICAL,fixed,https://avd.aquasec.com/nvd/cve-2026-41901,"Thymeleaf is a server-side Java template engine for web and standalone environments. Prior to 3.1.5.RELEASE, a security bypass vulnerability exists in the expression execution mechanisms of Thymeleaf. Although the library provides mechanisms to avoid the execution of potentially dangerous expressions in some specific sandboxed (restricted) contexts, it fails to properly neutralize specific constructs that allow this kind of expressions to be executed. If an application developer passes to the template engine unsanitized variables that contain such expressions, and these values are used in sandboxed contexts inside the templates, these expressions can be executed achieving Server-Side Template Injection (SSTI). This vulnerability is fixed in 3.1.5.RELEASE."
Java,CVE-2026-40477,org.thymeleaf:thymeleaf-spring6,3.1.1.RELEASE,3.1.4.RELEASE,CRITICAL,fixed,https://avd.aquasec.com/nvd/cve-2026-40477,"Thymeleaf is a server-side Java template engine for web and standalone environments. Versions 3.1.3.RELEASE and prior contain a security bypass vulnerability in the expression execution mechanisms. Although the library provides mechanisms to prevent expression injection, it fails to properly restrict the scope of accessible objects, allowing specific potentially sensitive objects to be reached from within a template. If an application developer passes unvalidated user input directly to the template engine, an unauthenticated remote attacker can bypass the library's protections to achieve Server-Side Template Injection (SSTI). This issue has ben fixed in version 3.1.4.RELEASE."
Java,CVE-2026-40478,org.thymeleaf:thymeleaf-spring6,3.1.1.RELEASE,3.1.4.RELEASE,CRITICAL,fixed,https://avd.aquasec.com/nvd/cve-2026-40478,"Thymeleaf is a server-side Java template engine for web and standalone environments. Versions 3.1.3.RELEASE and prior contain a security bypass vulnerability in the the expression execution mechanisms. Although the library provides mechanisms to prevent expression injection, it fails to properly neutralize specific syntax patterns that allow for the execution of unauthorized expressions. If an application developer passes unvalidated user input directly to the template engine, an unauthenticated remote attacker can bypass the library's protections to achieve Server-Side Template Injection (SSTI). This issue has ben fixed in version 3.1.4.RELEASE."
Java,CVE-2026-41901,org.thymeleaf:thymeleaf-spring6,3.1.1.RELEASE,3.1.5.RELEASE,CRITICAL,fixed,https://avd.aquasec.com/nvd/cve-2026-41901,"Thymeleaf is a server-side Java template engine for web and standalone environments. Prior to 3.1.5.RELEASE, a security bypass vulnerability exists in the expression execution mechanisms of Thymeleaf. Although the library provides mechanisms to avoid the execution of potentially dangerous expressions in some specific sandboxed (restricted) contexts, it fails to properly neutralize specific constructs that allow this kind of expressions to be executed. If an application developer passes to the template engine unsanitized variables that contain such expressions, and these values are used in sandboxed contexts inside the templates, these expressions can be executed achieving Server-Side Template Injection (SSTI). This vulnerability is fixed in 3.1.5.RELEASE."
Java,CVE-2022-1471,org.yaml:snakeyaml,1.33,2.0,HIGH,fixed,https://avd.aquasec.com/nvd/cve-2022-1471,SnakeYaml's Constructor() class does not restrict types which can be instantiated during deserialization. Deserializing yaml content provided by an attacker can lead to remote code execution. We recommend using SnakeYaml's SafeConsturctor when parsing untrusted content to restrict deserialization. We recommend upgrading to version 2.0 and beyond.
